<?xml version="1.0" encoding="UTF-8"?>
<extentreports>
	<configuration>
		<!-- report theme -->
		<!-- standard, dark -->
		<theme>standard</theme>

		<!-- document encoding -->
		<!-- defaults to UTF-8 -->
		<encoding>UTF-8</encoding>

		<!-- protocol for script and stylesheets -->
		<!-- defaults to https -->
		<protocol>http</protocol>

		<!-- title of the document -->
		<documentTitle>Flipkart_Project</documentTitle>

		<!-- report name - displayed at top-nav -->
		<reportName>
			Flipkart_Project Report
			<![CDATA[
         <img src='D:\Eclipse Workout\selefile.zip_expanded\Flipkart_Project\Logo\Flipkartlogo.png'/>
            ]]>
		</reportName>


		<!-- location of charts in the test view -->
		<!-- top, bottom -->
		<testViewChartLocation>bottom</testViewChartLocation>

		<!-- custom javascript -->
		<scripts>
			<![CDATA[
                $(document).ready(function() {
                    
                });
            ]]>
		</scripts>

		<!-- custom styles -->
		<styles>
			<![CDATA[
            .report-name { padding-left: 18px; } .report-name > img { float: 
      left;height: 90%;margin-left: 30px;margin-top: 3px;width: auto; }
        ]]>
		</styles>
	</configuration>
</extentreports>